{"cameraMode":{"drawMode":0,"name":"Shaded","section":"Shading Mode"},"sceneLighting":true,"audioPlay":false,"sceneViewState":{"showFog":true,"showMaterialUpdate":false,"showSkybox":true,"showFlares":true,"showImageEffects":true,"showParticleSystems":true},"in2DMode":false,"pivot":{"x":20.42369842529297,"y":2.5152974128723146,"z":-10.02566909790039},"rotation":{"x":-0.010909585282206536,"y":0.7148798108100891,"z":0.024181662127375604,"w":-0.7052334547042847},"size":61.520851135253909,"orthographic":false}